signal,value,count,share
purpose,purchase,5,0.5
purpose,product_information,3,0.3
purpose,return_or_refund,1,0.1
purpose,promotion_information,1,0.1
purchase_intent,high,5,0.5
purchase_intent,low,4,0.4
purchase_intent,medium,1,0.1
specificity,high,5,0.5
specificity,medium,2,0.2
specificity,none,2,0.2
specificity,low,1,0.1
stage,discovery,4,0.4
stage,checkout,4,0.4
stage,post_purchase,1,0.1
stage,consideration,1,0.1
urgency,none,7,0.7
urgency,high,2,0.2
urgency,low,1,0.1
urgency_elicited_by_agent,False,7,0.7
urgency_elicited_by_agent,null,3,0.3
price_sensitivity,unknown,4,0.4
price_sensitivity,interest,3,0.3
price_sensitivity,none,2,0.2
price_sensitivity,sensitive,1,0.1
deal_seeking,none,8,0.8
deal_seeking,interested,1,0.1
deal_seeking,unknown,1,0.1
financing,none,10,1.0
delivery_intent,none,5,0.5
delivery_intent,checkout_details,4,0.4
delivery_intent,readiness,1,0.1
delivery_elicited_by_agent,False,4,0.4
delivery_elicited_by_agent,null,3,0.3
delivery_elicited_by_agent,True,3,0.3
sales_agreement,none,5,0.5
sales_agreement,complete,4,0.4
sales_agreement,partial,1,0.1
agent_tone_quality,positive,7,0.7
agent_tone_quality,not_assessable,2,0.2
agent_tone_quality,neutral,1,0.1
stated_exit_reason,not_stated,6,0.6
stated_exit_reason,changed_mind,2,0.2
stated_exit_reason,price,1,0.1
stated_exit_reason,unknown,1,0.1
next_step_agreed,True,6,0.6
next_step_agreed,False,4,0.4
blocking_barrier,False,7,0.7
blocking_barrier,True,3,0.3
resolved_barrier,False,9,0.9
resolved_barrier,True,1,0.1
competitor_mentioned,False,10,1.0
ad_message_match,aligned,5,0.5
ad_message_match,partial,3,0.3
ad_message_match,mismatch,2,0.2
